<?xml version="1.0" encoding="UTF-8"?>
<metadata xml:lang="zh"><Esri><CreaDate>20191211</CreaDate><CreaTime>17044600</CreaTime><ArcGISFormat>1.0</ArcGISFormat><SyncOnce>TRUE</SyncOnce><DataProperties><itemProps><itemLocation><linkage Sync="TRUE">file://\\ZHAN\F$\Arcgis\GIS_JX_basic_data\JX_GIS\地市</linkage><protocol Sync="TRUE">Local Area Network</protocol></itemLocation></itemProps><copyHistory><copy source="F:\Arcgis\GIS_JX_basic_data\地市" dest="\\ZHAN\F$\Arcgis\GIS_JX_basic_data\JX_GIS\地市" date="20171229" time="15594000"></copy></copyHistory></DataProperties></Esri></metadata>
